{"ChIJx0Pj78UE9ocR0RGv_kVzK0s": 
    {"formatted_address": "313 Lake Hazeltine Dr, Chaska, MN 55318, USA", 
        "formatted_phone_number": "(800) 561-6827", 
        "name": "Driven Coffee Roasters", 
        "opening_hours": ["Monday: 9:00 AM \\u2013 4:00 PM", "Tuesday: 9:00 AM \\u2013 4:00 PM", "Wednesday: 9:00 AM \\u2013 4:00 PM", "Thursday: 9:00 AM \\u2013 4:00 PM", "Friday: 9:00 AM \\u2013 4:00 PM", "Saturday: Closed", "Sunday: Closed"], 
        "website": "https://www.drivencoffee.com/"}, 

"ChIJWcfLCviI9YcR5jiT1hbJK3U": 
    {"formatted_address": "4290 Park Glen Rd, St Louis Park, MN 55416, USA", 
        "formatted_phone_number": "(612) 297-7888", 
        "name": "Folly Coffee Roasters", 
        "opening_hours": ["Monday: Closed", "Tuesday: Closed", "Wednesday: Closed", "Thursday: Closed", "Friday: Closed", "Saturday: 8:00 AM \\u2013 12:30 PM", "Sunday: 8:00 AM \\u2013 12:30 AM"], "website": "http://www.follycoffee.com/"}, "ChIJV67Si5Mn9ocRX7c1aeh0Fpc": {"formatted_address": "2930 Lyndale Ave S, Minneapolis, MN 55408, USA", "name": "Youngblood Coffee Roasters", "website": "http://youngbloodcoffee.com/", "opening_hours": "Unavailable"}, "ChIJAbkBsJkts1IRNj7L1NnbGUg": {"formatted_address": "945 Broadway St NE, Minneapolis, MN 55413, USA", "formatted_phone_number": "(612) 345-4348", "name": "Spyhouse Coffee", "opening_hours": ["Monday: 6:00 AM \\u2013 9:00 PM", "Tuesday: 6:00 AM \\u2013 9:00 PM", "Wednesday: 6:00 AM \\u2013 9:00 PM", "Thursday: 6:00 AM \\u2013 9:00 PM", "Friday: 6:00 AM \\u2013 9:00 PM", "Saturday: 7:00 AM \\u2013 9:00 PM", "Sunday: 7:00 AM \\u2013 9:00 PM"], "website": "https://www.spyhousecoffee.com/"}, "ChIJr2WxIeIzs1IRP_yfK1DjOoE": {"formatted_address": "2401 Lyndale Ave S, Minneapolis, MN 55405, USA", "formatted_phone_number": "(612) 800-4411", "name": "Misfit Coffee & Bar", "opening_hours": ["Monday: 8:00 AM \\u2013 9:00 PM", "Tuesday: 8:00 AM \\u2013 9:00 PM", "Wednesday: 8:00 AM \\u2013 9:00 PM", "Thursday: 8:00 AM \\u2013 9:00 PM", "Friday: 8:00 AM \\u2013 9:00 PM", "Saturday: 8:00 AM \\u2013 9:00 PM", "Sunday: 8:00 AM \\u2013 9:00 PM"], "website": "http://misfitcoffee.com/?y_source=1_MTExNTc3NDQtNzE1LWxvY2F0aW9uLndlYnNpdGU%3D"}, "ChIJ0cRRS0kts1IRIPm_KaYaRSM": {"formatted_address": "2309 Snelling Ave, Minneapolis, MN 55404, USA", "formatted_phone_number": "(612) 729-9310", "name": "Morningstar Coffee", "opening_hours": ["Monday: 8:00 AM \\u2013 4:30 PM", "Tuesday: 8:00 AM \\u2013 4:30 PM", "Wednesday: 8:00 AM \\u2013 4:30 PM", "Thursday: 8:00 AM \\u2013 4:30 PM", "Friday: 8:00 AM \\u2013 3:30 PM", "Saturday: Closed", "Sunday: Closed"], "website": "https://morningstarcoffee.com/"}, "ChIJIboB_Doo9ocRrDBso-gIF8k": {"formatted_address": "3262 Minnehaha Ave, Minneapolis, MN 55406, USA", "formatted_phone_number": "(612) 877-7760", "name": "Peace Coffee", "website": "https://www.peacecoffee.com/peace-coffee-shops/wonderland-park/", "opening_hours": "Unavailable"}, "ChIJSbDcfhjV94cRNK4i7Fef_7Y": {"formatted_address": "432 Wabasha St S, St Paul, MN 55107, USA", "formatted_phone_number": "(651) 528-7543", "name": "Bootstrap Coffee Roasters", "opening_hours": ["Monday: 7:00 AM \\u2013 3:00 PM", "Tuesday: 7:00 AM \\u2013 3:00 PM", "Wednesday: 7:00 AM \\u2013 3:00 PM", "Thursday: 7:00 AM \\u2013 3:00 PM", "Friday: 7:00 AM \\u2013 3:00 PM", "Saturday: 7:00 AM \\u2013 3:00 PM", "Sunday: 7:00 AM \\u2013 3:00 PM"], "website": "http://bootstrapcoffeeroasters.com/"}, "ChIJtQFIcrwss1IR2d6g5J5goMY": {"formatted_address": "755 Prior Ave N #113, St Paul, MN 55104, USA", "formatted_phone_number": "(651) 645-1729", "name": "True Stone Coffee Roasters (Roasterie + Training Lab)", "opening_hours": ["Monday: 9:00 AM \\u2013 4:30 PM", "Tuesday: 9:00 AM \\u2013 4:30 PM", "Wednesday: 9:00 AM \\u2013 4:30 PM", "Thursday: 9:00 AM \\u2013 4:30 PM", "Friday: Closed", "Saturday: Closed", "Sunday: Closed"], "website": "https://www.truestonecoffee.com/"}, "ChIJVctrQLk_s1IRjejI4TuiLGA": {"formatted_address": "Paradise Coffee Roasters, 125 NE Lowry Ave, Minneapolis, MN 55418, USA", "formatted_phone_number": "(612) 788-9137", "name": "Paradise Coffee Roasters", "opening_hours": ["Monday: 8:00 AM \\u2013 4:00 PM", "Tuesday: 8:00 AM \\u2013 4:00 PM", "Wednesday: 8:00 AM \\u2013 4:00 PM", "Thursday: 8:00 AM \\u2013 4:00 PM", "Friday: 8:00 AM \\u2013 4:00 PM", "Saturday: Closed", "Sunday: Closed"], "website": "http://www.paradiseroasters.com/"}, "ChIJb0hUeqots1IRBdpaXkAoTt8": {"formatted_address": "1901 Traffic St NE, Minneapolis, MN 55413, USA", "formatted_phone_number": "(612) 326-9820", "name": "Up Cafe and Up Coffee Roasters", "opening_hours": ["Monday: 7:00 AM \\u2013 5:00 PM", "Tuesday: 7:00 AM \\u2013 5:00 PM", "Wednesday: 7:00 AM \\u2013 5:00 PM", "Thursday: 7:00 AM \\u2013 5:00 PM", "Friday: 7:00 AM \\u2013 5:00 PM", "Saturday: 8:00 AM \\u2013 5:00 PM", "Sunday: 8:00 AM \\u2013 5:00 PM"], "website": "http://www.upcafe.com/"}, "ChIJAdmh1Jkts1IRsjkOVAe3S3U": {"formatted_address": "1209 Tyler St NE, Minneapolis, MN 55413, USA", "formatted_phone_number": "(612) 202-8986", "name": "Dogwood Coffee Northeast & Roastery", "opening_hours": ["Monday: 8:00 AM \\u2013 6:00 PM", "Tuesday: 8:00 AM \\u2013 6:00 PM", "Wednesday: 8:00 AM \\u2013 6:00 PM", "Thursday: 8:00 AM \\u2013 6:00 PM", "Friday: 8:00 AM \\u2013 6:00 PM", "Saturday: 8:00 AM \\u2013 6:00 PM", "Sunday: 8:00 AM \\u2013 5:00 PM"], "website": "http://www.dogwoodcoffee.com/"}, "ChIJG7xp558ts1IRLe7pAThX3ug": {"formatted_address": "861 E Hennepin Ave UNIT 106, Minneapolis, MN 55414, USA", "formatted_phone_number": "(612) 354-7189", "name": "Five Watt Coffee, E Hennepin", "opening_hours": ["Monday: 7:00 AM \\u2013 5:30 PM", "Tuesday: 7:00 AM \\u2013 5:30 PM", "Wednesday: 7:00 AM \\u2013 5:30 PM", "Thursday: 7:00 AM \\u2013 5:30 PM", "Friday: 7:00 AM \\u2013 5:30 PM", "Saturday: 7:00 AM \\u2013 5:30 PM", "Sunday: 7:00 AM \\u2013 5:30 PM"], "website": "http://fivewattcoffee.com/"}, "ChIJIbgloXbU94cRux5kDChUAgI": {"formatted_address": "705 Southview Blvd, South St Paul, MN 55075, USA", "formatted_phone_number": "(651) 554-0155", "name": "Black Sheep Coffee Cafe", "opening_hours": ["Monday: Closed", "Tuesday: Closed", "Wednesday: 7:00 AM \\u2013 3:00 PM", "Thursday: 7:00 AM \\u2013 3:00 PM", "Friday: 7:00 AM \\u2013 3:00 PM", "Saturday: 7:00 AM \\u2013 3:00 PM", "Sunday: 7:00 AM \\u2013 3:00 PM"], "website": "http://www.blacksheepcoffee.com/"}, "ChIJY8w2QUUm9ocR8ppRfDgUX_0": {"formatted_address": "616 W 54th St, Minneapolis, MN 55419, USA", "formatted_phone_number": "(612) 810-0769", "name": "The Roastery", "opening_hours": ["Monday: Closed", "Tuesday: 7:00 AM \\u2013 6:00 PM", "Wednesday: Closed", "Thursday: Closed", "Friday: Closed", "Saturday: 7:00 AM \\u2013 12:00 PM", "Sunday: Closed"], "website": "http://www.shoptheroastery.com/pages/contact"}, "ChIJ_4onGLgss1IRwrDvJj4dpCg": {"formatted_address": "2386 W Territorial Rd, St Paul, MN 55114, USA", "name": "Roundtable Coffee Works", "opening_hours": ["Monday: 8:00 AM \\u2013 1:00 PM", "Tuesday: 8:00 AM \\u2013 1:00 PM", "Wednesday: 8:00 AM \\u2013 1:00 PM", "Thursday: 8:00 AM \\u2013 1:00 PM", "Friday: 8:00 AM \\u2013 1:00 PM", "Saturday: 8:00 AM \\u2013 1:00 PM", "Sunday: Closed"], "website": "http://roundtablecw.com/"}, "ChIJ8SdsjT4r9ocRe-oreXwEBEU": {"formatted_address": "1552 St Clair Ave, St Paul, MN 55105, USA", "formatted_phone_number": "(651) 401-1414", "name": "Roots Roasting", "opening_hours": ["Monday: 8:00 AM \\u2013 5:00 PM", "Tuesday: 8:00 AM \\u2013 5:00 PM", "Wednesday: 8:00 AM \\u2013 5:00 PM", "Thursday: 8:00 AM \\u2013 5:00 PM", "Friday: 8:00 AM \\u2013 5:00 PM", "Saturday: 8:00 AM \\u2013 5:00 PM", "Sunday: 8:00 AM \\u2013 5:00 PM"], "website": "https://www.rootsroasting.com/home"}}